﻿指标,统计量,值
Total Steps,平均值,184.297
Total Steps,标准差,28.996899058882256
Total Steps,最小值,89.0
Total Steps,最大值,286.0
Reverse Steps (fanxiang),平均值,123.6586
Reverse Steps (fanxiang),标准差,21.384440719854712
Reverse Steps (fanxiang),最小值,57.0
Reverse Steps (fanxiang),最大值,200.0
Elapsed Time (seconds),平均值,0.015450434350967407
Elapsed Time (seconds),标准差,0.0048058229814495
Elapsed Time (seconds),最小值,0.007043600082397461
Elapsed Time (seconds),最大值,0.09208083152770996
Efficiency,平均值,0.3303393241316289
Efficiency,标准差,0.026213544567174257
Efficiency,最小值,0.2524271844660194
Efficiency,最大值,0.44680851063829785
