﻿指标,统计量,值
Total Steps,平均值,110.731
Total Steps,标准差,17.714440416785912
Total Steps,最小值,54.0
Total Steps,最大值,172.0
Reverse Steps (fanxiang),平均值,59.8256
Reverse Steps (fanxiang),标准差,11.4237684297708
Reverse Steps (fanxiang),最小值,24.0
Reverse Steps (fanxiang),最大值,100.0
Elapsed Time (seconds),平均值,0.00711233639717102
Elapsed Time (seconds),标准差,0.0014528548155717765
Elapsed Time (seconds),最小值,0.0025207996368408203
Elapsed Time (seconds),最大值,0.012425661087036133
Efficiency,平均值,0.4617083591639897
Efficiency,标准差,0.034160777251713216
Efficiency,最小值,0.3392857142857143
Efficiency,最大值,0.6
