﻿指标,统计量,值
Total Steps,平均值,87.3496
Total Steps,标准差,14.70366686931801
Total Steps,最小值,29.0
Total Steps,最大值,143.0
Reverse Steps (fanxiang),平均值,42.9826
Reverse Steps (fanxiang),标准差,9.043862865562836
Reverse Steps (fanxiang),最小值,12.0
Reverse Steps (fanxiang),最大值,78.0
Elapsed Time (seconds),平均值,0.0052804569244384765
Elapsed Time (seconds),标准差,0.0012659642874905566
Elapsed Time (seconds),最小值,0.0010051727294921875
Elapsed Time (seconds),最大值,0.015157699584960938
Efficiency,平均值,0.5105137325590187
Efficiency,标准差,0.03894176616907435
Efficiency,最小值,0.37168141592920356
Efficiency,最大值,0.6984126984126984
