﻿指标,统计量,值
Total Steps,平均值,202.0836
Total Steps,标准差,30.81585524412531
Total Steps,最小值,77.0
Total Steps,最大值,313.0
Reverse Steps (fanxiang),平均值,136.4898
Reverse Steps (fanxiang),标准差,22.684453108738772
Reverse Steps (fanxiang),最小值,44.0
Reverse Steps (fanxiang),最大值,230.0
Elapsed Time (seconds),平均值,0.01996052803993225
Elapsed Time (seconds),标准差,0.008829633065158373
Elapsed Time (seconds),最小值,0.0056858062744140625
Elapsed Time (seconds),最大值,0.13979196548461914
Efficiency,平均值,0.32569595180676963
Efficiency,标准差,0.02445090099996173
Efficiency,最小值,0.25
Efficiency,最大值,0.42857142857142855
