﻿指标,统计量,值
Total Steps,平均值,202.9676
Total Steps,标准差,30.09615433807429
Total Steps,最小值,102.0
Total Steps,最大值,316.0
Reverse Steps (fanxiang),平均值,133.8772
Reverse Steps (fanxiang),标准差,21.68384094093088
Reverse Steps (fanxiang),最小值,62.0
Reverse Steps (fanxiang),最大值,216.0
Elapsed Time (seconds),平均值,0.01613209047317505
Elapsed Time (seconds),标准差,0.00308204683319295
Elapsed Time (seconds),最小值,0.007143259048461914
Elapsed Time (seconds),最大值,0.06784486770629883
Efficiency,平均值,0.3414524265294278
Efficiency,标准差,0.024609396021255357
Efficiency,最小值,0.2543859649122807
Efficiency,最大值,0.45161290322580644
