﻿指标,统计量,值
Total Steps,平均值,135.1524
Total Steps,标准差,20.741774718757753
Total Steps,最小值,67.0
Total Steps,最大值,203.0
Reverse Steps (fanxiang),平均值,77.901
Reverse Steps (fanxiang),标准差,13.829108714937883
Reverse Steps (fanxiang),最小值,34.0
Reverse Steps (fanxiang),最大值,126.0
Elapsed Time (seconds),平均值,0.015670316410064698
Elapsed Time (seconds),标准差,0.010458063221187811
Elapsed Time (seconds),最小值,0.0040204524993896484
Elapsed Time (seconds),最大值,0.08818745613098145
Efficiency,平均值,0.4251787745965087
Efficiency,标准差,0.03168500569917869
Efficiency,最小值,0.3333333333333333
Efficiency,最大值,0.5701754385964912
