﻿指标,统计量,值
Total Steps,平均值,176.2298
Total Steps,标准差,29.071085593137276
Total Steps,最小值,86.0
Total Steps,最大值,279.0
Reverse Steps (fanxiang),平均值,119.1678
Reverse Steps (fanxiang),标准差,21.612567264736345
Reverse Steps (fanxiang),最小值,51.0
Reverse Steps (fanxiang),最大值,196.0
Elapsed Time (seconds),平均值,0.014250998067855835
Elapsed Time (seconds),标准差,0.0028103308957061236
Elapsed Time (seconds),最小值,0.006027698516845703
Elapsed Time (seconds),最大值,0.05148124694824219
Efficiency,平均值,0.3253054333106324
Efficiency,标准差,0.026921674874456604
Efficiency,最小值,0.2328042328042328
Efficiency,最大值,0.4351145038167939
