﻿指标,统计量,值
Total Steps,平均值,183.8352
Total Steps,标准差,29.363502584276286
Total Steps,最小值,69.0
Total Steps,最大值,288.0
Reverse Steps (fanxiang),平均值,124.1888
Reverse Steps (fanxiang),标准差,21.777263473652553
Reverse Steps (fanxiang),最小值,43.0
Reverse Steps (fanxiang),最大值,195.0
Elapsed Time (seconds),平均值,0.015558008241653442
Elapsed Time (seconds),标准差,0.002991847047929636
Elapsed Time (seconds),最小值,0.0050563812255859375
Elapsed Time (seconds),最大值,0.03254580497741699
Efficiency,平均值,0.3258404570910391
Efficiency,标准差,0.02616274778309846
Efficiency,最小值,0.23893805309734514
Efficiency,最大值,0.4482758620689655
