﻿指标,统计量,值
Total Steps,平均值,185.6428
Total Steps,标准差,27.122336410908197
Total Steps,最小值,97.0
Total Steps,最大值,288.0
Reverse Steps (fanxiang),平均值,117.1748
Reverse Steps (fanxiang),标准差,19.010695049504463
Reverse Steps (fanxiang),最小值,56.0
Reverse Steps (fanxiang),最大值,191.0
Elapsed Time (seconds),平均值,0.013723254108428956
Elapsed Time (seconds),标准差,0.002367603978643896
Elapsed Time (seconds),最小值,0.005990266799926758
Elapsed Time (seconds),最大值,0.036606788635253906
Efficiency,平均值,0.3699192808083197
Efficiency,标准差,0.026516419096073263
Efficiency,最小值,0.2843601895734597
Efficiency,最大值,0.46511627906976744
