﻿指标,统计量,值
Total Steps,平均值,212.8808
Total Steps,标准差,30.247888824109047
Total Steps,最小值,110.0
Total Steps,最大值,316.0
Reverse Steps (fanxiang),平均值,138.726
Reverse Steps (fanxiang),标准差,21.566046064788395
Reverse Steps (fanxiang),最小值,64.0
Reverse Steps (fanxiang),最大值,211.0
Elapsed Time (seconds),平均值,0.01620646696090698
Elapsed Time (seconds),标准差,0.002616903999340693
Elapsed Time (seconds),最小值,0.007463932037353516
Elapsed Time (seconds),最大值,0.032543182373046875
Efficiency,平均值,0.34925612391484123
Efficiency,标准差,0.02405736521928521
Efficiency,最小值,0.26778242677824265
Efficiency,最大值,0.44660194174757284
