﻿指标,统计量,值
Total Steps,平均值,193.8014
Total Steps,标准差,29.90687617068116
Total Steps,最小值,80.0
Total Steps,最大值,306.0
Reverse Steps (fanxiang),平均值,130.9926
Reverse Steps (fanxiang),标准差,22.180048154754335
Reverse Steps (fanxiang),最小值,49.0
Reverse Steps (fanxiang),最大值,207.0
Elapsed Time (seconds),平均值,0.018788281440734862
Elapsed Time (seconds),标准差,0.009860473839355371
Elapsed Time (seconds),最小值,0.006841182708740234
Elapsed Time (seconds),最大值,0.12095451354980469
Efficiency,平均值,0.3253559297896769
Efficiency,标准差,0.025473037003910706
Efficiency,最小值,0.24102564102564103
Efficiency,最大值,0.4329896907216495
