﻿指标,统计量,值
Total Steps,平均值,159.1828
Total Steps,标准差,24.175447764517664
Total Steps,最小值,72.0
Total Steps,最大值,249.0
Reverse Steps (fanxiang),平均值,96.5216
Reverse Steps (fanxiang),标准差,16.53495129605381
Reverse Steps (fanxiang),最小值,35.0
Reverse Steps (fanxiang),最大值,160.0
Elapsed Time (seconds),平均值,0.011540569067001342
Elapsed Time (seconds),标准差,0.0021129769056682187
Elapsed Time (seconds),最小值,0.0045223236083984375
Elapsed Time (seconds),最大值,0.026238679885864258
Efficiency,平均值,0.39495789376478996
Efficiency,标准差,0.02860131557736902
Efficiency,最小值,0.2981651376146789
Efficiency,最大值,0.5138888888888888
