﻿指标,统计量,值
Total Steps,平均值,192.0962
Total Steps,标准差,30.002502822183292
Total Steps,最小值,82.0
Total Steps,最大值,302.0
Reverse Steps (fanxiang),平均值,127.849
Reverse Steps (fanxiang),标准差,21.766298567985118
Reverse Steps (fanxiang),最小值,48.0
Reverse Steps (fanxiang),最大值,206.0
Elapsed Time (seconds),平均值,0.015197416734695435
Elapsed Time (seconds),标准差,0.0027683981517790147
Elapsed Time (seconds),最小值,0.005591154098510742
Elapsed Time (seconds),最大值,0.030719280242919922
Efficiency,平均值,0.33561645132915424
Efficiency,标准差,0.02551918836394607
Efficiency,最小值,0.24736842105263157
Efficiency,最大值,0.44680851063829785
